<?xml version="1.0" encoding="utf-8"?>
<edmx:Edmx Version="1.0" xmlns:edmx="http://schemas.microsoft.com/ado/2007/06/edmx" xmlns:m="http://schemas.microsoft.com/ado/2007/08/dataservices/metadata" xmlns:sap="http://www.sap.com/Protocols/SAPData">
    <edmx:Reference Uri="https://s4d.virtual:443/sap/opu/odata/iwfnd/catalogservice;v=2/Vocabularies(TechnicalName='%2FIWBEP%2FVOC_AGGREGATION',Version='0001',SAP__Origin='LOCAL')/$value" xmlns:edmx="http://docs.oasis-open.org/odata/ns/edmx">
        <edmx:Include Namespace="Org.OData.Aggregation.V1" Alias="Aggregation"/>
    </edmx:Reference>
    <edmx:Reference Uri="https://s4d.virtual:443/sap/opu/odata/iwfnd/catalogservice;v=2/Vocabularies(TechnicalName='%2FIWBEP%2FVOC_ANALYTICS',Version='0001',SAP__Origin='LOCAL')/$value" xmlns:edmx="http://docs.oasis-open.org/odata/ns/edmx">
        <edmx:Include Namespace="com.sap.vocabularies.Analytics.v1" Alias="Analytics"/>
    </edmx:Reference>
    <edmx:Reference Uri="https://s4d.virtual:443/sap/opu/odata/iwfnd/catalogservice;v=2/Vocabularies(TechnicalName='%2FIWBEP%2FVOC_CAPABILITIES',Version='0001',SAP__Origin='LOCAL')/$value" xmlns:edmx="http://docs.oasis-open.org/odata/ns/edmx">
        <edmx:Include Namespace="Org.OData.Capabilities.V1" Alias="Capabilities"/>
    </edmx:Reference>
    <edmx:Reference Uri="https://s4d.virtual:443/sap/opu/odata/iwfnd/catalogservice;v=2/Vocabularies(TechnicalName='%2FIWBEP%2FVOC_CODELIST',Version='0001',SAP__Origin='LOCAL')/$value" xmlns:edmx="http://docs.oasis-open.org/odata/ns/edmx">
        <edmx:Include Namespace="com.sap.vocabularies.CodeList.v1" Alias="SAP__CodeList"/>
        <edmx:Include Namespace="com.sap.vocabularies.CodeList.v1" Alias="CodeList"/>
    </edmx:Reference>
    <edmx:Reference Uri="https://s4d.virtual:443/sap/opu/odata/iwfnd/catalogservice;v=2/Vocabularies(TechnicalName='%2FIWBEP%2FVOC_COMMON',Version='0001',SAP__Origin='LOCAL')/$value" xmlns:edmx="http://docs.oasis-open.org/odata/ns/edmx">
        <edmx:Include Namespace="com.sap.vocabularies.Common.v1" Alias="Common"/>
    </edmx:Reference>
    <edmx:Reference Uri="https://s4d.virtual:443/sap/opu/odata/iwfnd/catalogservice;v=2/Vocabularies(TechnicalName='%2FIWBEP%2FVOC_COMMUNICATION',Version='0001',SAP__Origin='LOCAL')/$value" xmlns:edmx="http://docs.oasis-open.org/odata/ns/edmx">
        <edmx:Include Namespace="com.sap.vocabularies.Communication.v1" Alias="Communication"/>
    </edmx:Reference>
    <edmx:Reference Uri="https://s4d.virtual:443/sap/opu/odata/iwfnd/catalogservice;v=2/Vocabularies(TechnicalName='%2FIWBEP%2FVOC_MEASURES',Version='0001',SAP__Origin='LOCAL')/$value" xmlns:edmx="http://docs.oasis-open.org/odata/ns/edmx">
        <edmx:Include Namespace="Org.OData.Measures.V1" Alias="Measures"/>
    </edmx:Reference>
    <edmx:Reference Uri="https://s4d.virtual:443/sap/opu/odata/iwfnd/catalogservice;v=2/Vocabularies(TechnicalName='%2FIWBEP%2FVOC_PERSONALDATA',Version='0001',SAP__Origin='LOCAL')/$value" xmlns:edmx="http://docs.oasis-open.org/odata/ns/edmx">
        <edmx:Include Namespace="com.sap.vocabularies.PersonalData.v1" Alias="PersonalData"/>
    </edmx:Reference>
    <edmx:Reference Uri="https://s4d.virtual:443/sap/opu/odata/iwfnd/catalogservice;v=2/Vocabularies(TechnicalName='%2FIWBEP%2FVOC_UI',Version='0001',SAP__Origin='LOCAL')/$value" xmlns:edmx="http://docs.oasis-open.org/odata/ns/edmx">
        <edmx:Include Namespace="com.sap.vocabularies.UI.v1" Alias="UI"/>
    </edmx:Reference>
    <edmx:Reference Uri="https://s4d.virtual:443/sap/opu/odata/iwfnd/catalogservice;v=2/Vocabularies(TechnicalName='%2FIWBEP%2FVOC_VALIDATION',Version='0001',SAP__Origin='LOCAL')/$value" xmlns:edmx="http://docs.oasis-open.org/odata/ns/edmx">
        <edmx:Include Namespace="Org.OData.Validation.V1" Alias="Validation"/>
    </edmx:Reference>
    <edmx:DataServices m:DataServiceVersion="2.0">
        <Schema Namespace="ZR_MATERIAL_CDS" xml:lang="en" sap:schema-version="1" xmlns="http://schemas.microsoft.com/ado/2008/09/edm">
            <Annotation Term="Core.SchemaVersion" String="1.0.0" xmlns="http://docs.oasis-open.org/odata/ns/edm"/>
            <EntityType Name="I_MaterialGroupType" sap:label="Material Group" sap:content-version="1">
                <Key>
                    <PropertyRef Name="MaterialGroup"/>
                </Key>
                <Property Name="MaterialGroup" Type="Edm.String" Nullable="false" MaxLength="9" sap:display-format="UpperCase" sap:text="MaterialGroup_Text" sap:label="Product Group"/>
                <Property Name="MaterialGroup_Text" Type="Edm.String" MaxLength="20" sap:label="Product Group Desc." sap:quickinfo="Product Group Description" sap:creatable="false" sap:updatable="false"/>
            </EntityType>
            <EntityType Name="I_MaterialPlantType" sap:label="Material Plant" sap:content-version="1">
                <Key>
                    <PropertyRef Name="Material"/>
                    <PropertyRef Name="Plant"/>
                </Key>
                <Property Name="Material" Type="Edm.String" Nullable="false" MaxLength="40" sap:display-format="UpperCase" sap:text="Material_Text" sap:label="Material" sap:quickinfo="Material Number" sap:value-list="standard"/>
                <Property Name="Material_Text" Type="Edm.String" MaxLength="40" sap:label="Material Description" sap:creatable="false" sap:updatable="false"/>
                <Property Name="Plant" Type="Edm.String" Nullable="false" MaxLength="4" sap:display-format="UpperCase" sap:label="Plant"/>
                <Property Name="MRPController" Type="Edm.String" MaxLength="3" sap:display-format="UpperCase" sap:label="MRP Controller"/>
                <Property Name="MaterialSafetyStockQty" Type="Edm.Decimal" Precision="13" Scale="3" sap:label="Safety Stock"/>
                <Property Name="DfltStorLocForExtProcmt" Type="Edm.String" MaxLength="4" sap:display-format="UpperCase" sap:label="Storage loc. for EP" sap:quickinfo="Default storage location for external procurement"/>
                <Property Name="MaterialABCClassification" Type="Edm.String" MaxLength="1" sap:display-format="UpperCase" sap:text="to_MaterialABCClassification/MaterialABCClassification_Text" sap:label="ABC Indicator" sap:value-list="standard"/>
                <NavigationProperty Name="to_MaterialABCClassification" Relationship="ZR_MATERIAL_CDS.assoc_4A207587B1B646E50CBA7A721A959D02" FromRole="FromRole_assoc_4A207587B1B646E50CBA7A721A959D02" ToRole="ToRole_assoc_4A207587B1B646E50CBA7A721A959D02"/>
            </EntityType>
            <EntityType Name="I_MaterialStdVHType" sap:label="Material" sap:value-list="true" sap:content-version="1">
                <Key>
                    <PropertyRef Name="Material"/>
                </Key>
                <Property Name="Material" Type="Edm.String" Nullable="false" MaxLength="40" sap:display-format="UpperCase" sap:text="Material_Text" sap:label="Material" sap:quickinfo="Material Number"/>
                <Property Name="Material_Text" Type="Edm.String" MaxLength="40" sap:label="Material Description" sap:creatable="false" sap:updatable="false"/>
            </EntityType>
            <EntityType Name="I_MaterialTextType" sap:label="Material Text" sap:content-version="1">
                <Key>
                    <PropertyRef Name="Material"/>
                    <PropertyRef Name="Language"/>
                </Key>
                <Property Name="Material" Type="Edm.String" Nullable="false" MaxLength="40" sap:display-format="UpperCase" sap:label="Material" sap:quickinfo="Material Number"/>
                <Property Name="Language" Type="Edm.String" Nullable="false" MaxLength="2" sap:label="Language Key"/>
                <Property Name="MaterialName" Type="Edm.String" MaxLength="40" sap:label="Material Description"/>
            </EntityType>
            <EntityType Name="I_MaterialTypeType" sap:label="Material Type" sap:content-version="1">
                <Key>
                    <PropertyRef Name="MaterialType"/>
                </Key>
                <Property Name="MaterialType" Type="Edm.String" Nullable="false" MaxLength="4" sap:display-format="UpperCase" sap:text="MaterialType_Text" sap:label="Material type"/>
                <Property Name="MaterialType_Text" Type="Edm.String" MaxLength="25" sap:label="Material Type Desc." sap:quickinfo="Description of Material Type" sap:creatable="false" sap:updatable="false"/>
                <Property Name="AuthorizationGroup" Type="Edm.String" MaxLength="4" sap:display-format="UpperCase" sap:label="Authorization group" sap:quickinfo="Authorization group in the material master"/>
            </EntityType>
            <EntityType Name="I_MatlabcclassificationType" sap:label="ABC Indicator for Materials" sap:content-version="1">
                <Key>
                    <PropertyRef Name="MaterialABCClassification"/>
                </Key>
                <Property Name="MaterialABCClassification" Type="Edm.String" Nullable="false" MaxLength="1" sap:display-format="UpperCase" sap:text="MaterialABCClassification_Text" sap:label="ABC Indicator"/>
                <Property Name="MaterialABCClassification_Text" Type="Edm.String" MaxLength="30" sap:label="Consumption Value Category Text" sap:creatable="false" sap:updatable="false"/>
            </EntityType>
            <EntityType Name="I_UnitOfMeasureType" sap:label="Unit of Measure" sap:content-version="1">
                <Key>
                    <PropertyRef Name="UnitOfMeasure"/>
                </Key>
                <Property Name="UnitOfMeasure" Type="Edm.String" Nullable="false" MaxLength="3" sap:text="UnitOfMeasure_Text" sap:label="Unit of Measure" sap:semantics="unit-of-measure"/>
                <Property Name="UnitOfMeasure_Text" Type="Edm.String" MaxLength="30" sap:label="Measurement Unit Txt" sap:quickinfo="Unit of Measurement Text (Maximum 30 Characters)" sap:creatable="false" sap:updatable="false"/>
                <Property Name="UnitOfMeasureSAPCode" Type="Edm.String" MaxLength="3" sap:label="Internal SAP Code" sap:quickinfo="Unit of Measurement, Internal SAP Code (No Conversion)"/>
                <Property Name="UnitOfMeasureISOCode" Type="Edm.String" MaxLength="3" sap:display-format="UpperCase" sap:text="to_ISOCode/UnitOfMeasureISOCode_Text" sap:label="ISO code" sap:quickinfo="ISO code for unit of measurement" sap:value-list="standard"/>
                <Property Name="IsPrimaryUnitForISOCode" Type="Edm.Boolean" sap:display-format="UpperCase" sap:label="Primary code" sap:quickinfo="Selection field for conversion from ISO code to int. code"/>
                <Property Name="UnitOfMeasureNumberOfDecimals" Type="Edm.Int16" sap:label="Decimal Rounding" sap:quickinfo="No. of decimal places for rounding"/>
                <Property Name="UnitOfMeasureIsCommercial" Type="Edm.Boolean" sap:display-format="UpperCase" sap:label="Commercial meas.unit" sap:quickinfo="Commercial measurement unit ID"/>
                <Property Name="UnitOfMeasureDimension" Type="Edm.String" MaxLength="6" sap:display-format="UpperCase" sap:text="to_Dimension/UnitOfMeasureDimension_Text" sap:label="Dimension" sap:quickinfo="Dimension key" sap:value-list="standard"/>
                <Property Name="SIUnitCnvrsnRateNumerator" Type="Edm.Int32" sap:label="Numerator" sap:quickinfo="Numerator for conversion to SI unit"/>
                <Property Name="SIUnitCnvrsnRateDenominator" Type="Edm.Int32" sap:label="Denominator" sap:quickinfo="Denominator for conversion into SI unit"/>
                <Property Name="SIUnitCnvrsnRateExponent" Type="Edm.Int16" sap:label="Exponent" sap:quickinfo="base ten exponent for conversion to SI unit"/>
                <Property Name="SIUnitCnvrsnAdditiveValue" Type="Edm.Decimal" Precision="9" Scale="6" sap:label="Additive constant" sap:quickinfo="Additive constant for conversion to SI unit"/>
                <Property Name="UnitOfMeasureDspExponent" Type="Edm.Int16" sap:label="Exp. 10 Floating Pt" sap:quickinfo="Exponent of 10 for Floating Point Format"/>
                <Property Name="UnitOfMeasureDspNmbrOfDcmls" Type="Edm.Int16" sap:label="Decimal Places" sap:quickinfo="Number of decimal places for number display"/>
                <Property Name="UnitOfMeasureTemperature" Type="Edm.Double" sap:unit="UnitOfMeasureTemperatureUnit" sap:label="Temperature"/>
                <Property Name="UnitOfMeasureTemperatureUnit" Type="Edm.String" MaxLength="3" sap:label="Temperature unit" sap:semantics="unit-of-measure"/>
                <Property Name="UnitOfMeasurePressure" Type="Edm.Double" sap:unit="UnitOfMeasurePressureUnit" sap:label="Pressure Value"/>
                <Property Name="UnitOfMeasurePressureUnit" Type="Edm.String" MaxLength="3" sap:label="Unit of Pressure" sap:semantics="unit-of-measure"/>
                <NavigationProperty Name="to_Dimension" Relationship="ZR_MATERIAL_CDS.assoc_744267C89213C6F0BEAA53E2EB9C8F4F" FromRole="FromRole_assoc_744267C89213C6F0BEAA53E2EB9C8F4F" ToRole="ToRole_assoc_744267C89213C6F0BEAA53E2EB9C8F4F"/>
                <NavigationProperty Name="to_ISOCode" Relationship="ZR_MATERIAL_CDS.assoc_5E18390584266C106B459BC3FD3D3C50" FromRole="FromRole_assoc_5E18390584266C106B459BC3FD3D3C50" ToRole="ToRole_assoc_5E18390584266C106B459BC3FD3D3C50"/>
            </EntityType>
            <EntityType Name="I_UnitOfMeasureDimensionType" sap:label="Unit of Measure Dimension" sap:content-version="1">
                <Key>
                    <PropertyRef Name="UnitOfMeasureDimension"/>
                </Key>
                <Property Name="UnitOfMeasureDimension" Type="Edm.String" Nullable="false" MaxLength="6" sap:display-format="UpperCase" sap:text="UnitOfMeasureDimension_Text" sap:label="Dimension" sap:quickinfo="Dimension key"/>
                <Property Name="UnitOfMeasureDimension_Text" Type="Edm.String" MaxLength="20" sap:label="Dimension text" sap:creatable="false" sap:updatable="false"/>
                <Property Name="LengthExponent" Type="Edm.Int16" sap:label="Length" sap:quickinfo="Length exponent"/>
                <Property Name="MassExponent" Type="Edm.Int16" sap:label="Mass" sap:quickinfo="Mass exponent"/>
                <Property Name="TimeExponent" Type="Edm.Int16" sap:label="Time" sap:quickinfo="Current exponent"/>
                <Property Name="ElectricCurrentExponent" Type="Edm.Int16" sap:label="elec. current" sap:quickinfo="Electric current exponent"/>
                <Property Name="TemperatureExponent" Type="Edm.Int16" sap:label="Temperature" sap:quickinfo="Temperature exponent"/>
                <Property Name="MoleQuantityExponent" Type="Edm.Int16" sap:label="Mole quantity" sap:quickinfo="Mole quantity exponent"/>
                <Property Name="LuminosityExponent" Type="Edm.Int16" sap:label="Luminous intensity" sap:quickinfo="Luminosity exponent"/>
                <Property Name="UnitOFMeasureSiUnit" Type="Edm.String" MaxLength="3" sap:label="SI unit" sap:semantics="unit-of-measure"/>
                <Property Name="HasUnitsWithTemperatureSpec" Type="Edm.Boolean" sap:display-format="UpperCase" sap:label="Temperature-Depend." sap:quickinfo="Indicator: Dimension has Unit with Temperature Specification"/>
                <Property Name="HasUnitsWithPressureSpec" Type="Edm.Boolean" sap:display-format="UpperCase" sap:label="Pressure-Dependent" sap:quickinfo="Indicator: Dimension has Units with Pressure Specification"/>
            </EntityType>
            <EntityType Name="I_UnitOfMeasureISOCodeType" sap:label="Unit of Measure ISO Code" sap:content-version="1">
                <Key>
                    <PropertyRef Name="UnitOfMeasureISOCode"/>
                </Key>
                <Property Name="UnitOfMeasureISOCode" Type="Edm.String" Nullable="false" MaxLength="3" sap:display-format="UpperCase" sap:text="UnitOfMeasureISOCode_Text" sap:label="ISO code" sap:quickinfo="ISO code for unit of measurement"/>
                <Property Name="UnitOfMeasureISOCode_Text" Type="Edm.String" MaxLength="25" sap:label="ISO code" sap:quickinfo="ISO codes for measurement unit names" sap:creatable="false" sap:updatable="false"/>
            </EntityType>
            <EntityType Name="ZR_MATERIALType" sap:label="Material Master" sap:content-version="1">
                <Key>
                    <PropertyRef Name="Material"/>
                </Key>
                <Property Name="Material" Type="Edm.String" Nullable="false" MaxLength="40" sap:display-format="UpperCase" sap:text="Material_Text" sap:label="Material" sap:quickinfo="Material Number"/>
                <Property Name="Material_Text" Type="Edm.String" MaxLength="40" sap:label="Material Description" sap:creatable="false" sap:updatable="false"/>
                <Property Name="MaterialType" Type="Edm.String" MaxLength="4" sap:display-format="UpperCase" sap:label="Material type"/>
                <Property Name="MaterialGroup" Type="Edm.String" MaxLength="9" sap:display-format="UpperCase" sap:label="Material Group"/>
                <Property Name="MaterialBaseUnit" Type="Edm.String" MaxLength="3" sap:text="to_BaseUnit/UnitOfMeasure_Text" sap:label="Base Unit of Measure" sap:value-list="standard" sap:semantics="unit-of-measure"/>
                <Property Name="MaterialGrossWeight" Type="Edm.Decimal" Precision="13" Scale="3" sap:unit="MaterialWeightUnit" sap:label="Gross weight"/>
                <Property Name="MaterialNetWeight" Type="Edm.Decimal" Precision="13" Scale="3" sap:unit="MaterialWeightUnit" sap:label="Net weight"/>
                <Property Name="MaterialWeightUnit" Type="Edm.String" MaxLength="3" sap:text="to_WeightUnit/UnitOfMeasure_Text" sap:label="Weight unit" sap:quickinfo="Weight Unit" sap:value-list="standard" sap:semantics="unit-of-measure"/>
                <Property Name="MaterialManufacturerNumber" Type="Edm.String" MaxLength="10" sap:display-format="UpperCase" sap:label="Manufacturer" sap:quickinfo="Manufacturer number"/>
                <Property Name="MaterialManufacturerPartNumber" Type="Edm.String" MaxLength="40" sap:display-format="UpperCase" sap:label="Mfr Part Number" sap:quickinfo="Manufacturer Part Number"/>
                <Property Name="AuthorizationGroup" Type="Edm.String" MaxLength="4" sap:display-format="UpperCase" sap:label="Authorization Group"/>
                <Property Name="IsBatchManagementRequired" Type="Edm.Boolean" sap:display-format="UpperCase" sap:label="Batch Management" sap:quickinfo="Batch Management Requirement Indicator"/>
                <Property Name="CrossPlantConfigurableProduct" Type="Edm.String" MaxLength="40" sap:display-format="UpperCase" sap:label="Cross-plant CM" sap:quickinfo="Cross-Plant Configurable Material"/>
                <Property Name="ProductCategory" Type="Edm.String" MaxLength="2" sap:display-format="UpperCase" sap:label="Material Category"/>
                <Property Name="ProdCharc1InternalNumber" Type="Edm.String" MaxLength="30" sap:display-format="NonNegative" sap:label="Int. Char. Number" sap:quickinfo="Internal Charactieristic Number for Color Characteristics"/>
                <Property Name="ProdCharc2InternalNumber" Type="Edm.String" MaxLength="30" sap:display-format="NonNegative" sap:label="Int. Char. Number" sap:quickinfo="Internal Char. Number for Characteristics for Main Sizes"/>
                <Property Name="ProdCharc3InternalNumber" Type="Edm.String" MaxLength="30" sap:display-format="NonNegative" sap:label="Int. Char. Number" sap:quickinfo="Internal Char. Number for Characteristics for Second Sizes"/>
                <NavigationProperty Name="to_BaseUnit" Relationship="ZR_MATERIAL_CDS.assoc_949E1E1833CB155CE7531791852400BF" FromRole="FromRole_assoc_949E1E1833CB155CE7531791852400BF" ToRole="ToRole_assoc_949E1E1833CB155CE7531791852400BF"/>
                <NavigationProperty Name="to_MaterialGroup" Relationship="ZR_MATERIAL_CDS.assoc_9212E367C0AA3FE02D2B8B89DF63A4BD" FromRole="FromRole_assoc_9212E367C0AA3FE02D2B8B89DF63A4BD" ToRole="ToRole_assoc_9212E367C0AA3FE02D2B8B89DF63A4BD"/>
                <NavigationProperty Name="to_MaterialPlant" Relationship="ZR_MATERIAL_CDS.assoc_E913CAD17307FE8B14785C3843CEC75E" FromRole="FromRole_assoc_E913CAD17307FE8B14785C3843CEC75E" ToRole="ToRole_assoc_E913CAD17307FE8B14785C3843CEC75E"/>
                <NavigationProperty Name="to_MaterialType" Relationship="ZR_MATERIAL_CDS.assoc_398DB5EBF9168C194504488D365373FA" FromRole="FromRole_assoc_398DB5EBF9168C194504488D365373FA" ToRole="ToRole_assoc_398DB5EBF9168C194504488D365373FA"/>
                <NavigationProperty Name="to_Text" Relationship="ZR_MATERIAL_CDS.assoc_70E119221732F0A55355B00232870490" FromRole="FromRole_assoc_70E119221732F0A55355B00232870490" ToRole="ToRole_assoc_70E119221732F0A55355B00232870490"/>
                <NavigationProperty Name="to_WeightUnit" Relationship="ZR_MATERIAL_CDS.assoc_5F7DAC8A3BE20B03A45ACFDA350B0574" FromRole="FromRole_assoc_5F7DAC8A3BE20B03A45ACFDA350B0574" ToRole="ToRole_assoc_5F7DAC8A3BE20B03A45ACFDA350B0574"/>
            </EntityType>
            <Association Name="assoc_744267C89213C6F0BEAA53E2EB9C8F4F" sap:content-version="1">
                <End Type="ZR_MATERIAL_CDS.I_UnitOfMeasureType" Multiplicity="1" Role="FromRole_assoc_744267C89213C6F0BEAA53E2EB9C8F4F"/>
                <End Type="ZR_MATERIAL_CDS.I_UnitOfMeasureDimensionType" Multiplicity="0..1" Role="ToRole_assoc_744267C89213C6F0BEAA53E2EB9C8F4F"/>
                <ReferentialConstraint>
                    <Principal Role="ToRole_assoc_744267C89213C6F0BEAA53E2EB9C8F4F">
                        <PropertyRef Name="UnitOfMeasureDimension"/>
                    </Principal>
                    <Dependent Role="FromRole_assoc_744267C89213C6F0BEAA53E2EB9C8F4F">
                        <PropertyRef Name="UnitOfMeasureDimension"/>
                    </Dependent>
                </ReferentialConstraint>
            </Association>
            <Association Name="assoc_5E18390584266C106B459BC3FD3D3C50" sap:content-version="1">
                <End Type="ZR_MATERIAL_CDS.I_UnitOfMeasureType" Multiplicity="1" Role="FromRole_assoc_5E18390584266C106B459BC3FD3D3C50"/>
                <End Type="ZR_MATERIAL_CDS.I_UnitOfMeasureISOCodeType" Multiplicity="0..1" Role="ToRole_assoc_5E18390584266C106B459BC3FD3D3C50"/>
                <ReferentialConstraint>
                    <Principal Role="ToRole_assoc_5E18390584266C106B459BC3FD3D3C50">
                        <PropertyRef Name="UnitOfMeasureISOCode"/>
                    </Principal>
                    <Dependent Role="FromRole_assoc_5E18390584266C106B459BC3FD3D3C50">
                        <PropertyRef Name="UnitOfMeasureISOCode"/>
                    </Dependent>
                </ReferentialConstraint>
            </Association>
            <Association Name="assoc_949E1E1833CB155CE7531791852400BF" sap:content-version="1">
                <End Type="ZR_MATERIAL_CDS.ZR_MATERIALType" Multiplicity="1" Role="FromRole_assoc_949E1E1833CB155CE7531791852400BF"/>
                <End Type="ZR_MATERIAL_CDS.I_UnitOfMeasureType" Multiplicity="0..1" Role="ToRole_assoc_949E1E1833CB155CE7531791852400BF"/>
                <ReferentialConstraint>
                    <Principal Role="ToRole_assoc_949E1E1833CB155CE7531791852400BF">
                        <PropertyRef Name="UnitOfMeasure"/>
                    </Principal>
                    <Dependent Role="FromRole_assoc_949E1E1833CB155CE7531791852400BF">
                        <PropertyRef Name="MaterialBaseUnit"/>
                    </Dependent>
                </ReferentialConstraint>
            </Association>
            <Association Name="assoc_9212E367C0AA3FE02D2B8B89DF63A4BD" sap:content-version="1">
                <End Type="ZR_MATERIAL_CDS.ZR_MATERIALType" Multiplicity="1" Role="FromRole_assoc_9212E367C0AA3FE02D2B8B89DF63A4BD"/>
                <End Type="ZR_MATERIAL_CDS.I_MaterialGroupType" Multiplicity="0..1" Role="ToRole_assoc_9212E367C0AA3FE02D2B8B89DF63A4BD"/>
            </Association>
            <Association Name="assoc_E913CAD17307FE8B14785C3843CEC75E" sap:content-version="1">
                <End Type="ZR_MATERIAL_CDS.ZR_MATERIALType" Multiplicity="1" Role="FromRole_assoc_E913CAD17307FE8B14785C3843CEC75E"/>
                <End Type="ZR_MATERIAL_CDS.I_MaterialPlantType" Multiplicity="*" Role="ToRole_assoc_E913CAD17307FE8B14785C3843CEC75E"/>
            </Association>
            <Association Name="assoc_398DB5EBF9168C194504488D365373FA" sap:content-version="1">
                <End Type="ZR_MATERIAL_CDS.ZR_MATERIALType" Multiplicity="1" Role="FromRole_assoc_398DB5EBF9168C194504488D365373FA"/>
                <End Type="ZR_MATERIAL_CDS.I_MaterialTypeType" Multiplicity="0..1" Role="ToRole_assoc_398DB5EBF9168C194504488D365373FA"/>
            </Association>
            <Association Name="assoc_70E119221732F0A55355B00232870490" sap:content-version="1">
                <End Type="ZR_MATERIAL_CDS.ZR_MATERIALType" Multiplicity="1" Role="FromRole_assoc_70E119221732F0A55355B00232870490"/>
                <End Type="ZR_MATERIAL_CDS.I_MaterialTextType" Multiplicity="*" Role="ToRole_assoc_70E119221732F0A55355B00232870490"/>
            </Association>
            <Association Name="assoc_5F7DAC8A3BE20B03A45ACFDA350B0574" sap:content-version="1">
                <End Type="ZR_MATERIAL_CDS.ZR_MATERIALType" Multiplicity="1" Role="FromRole_assoc_5F7DAC8A3BE20B03A45ACFDA350B0574"/>
                <End Type="ZR_MATERIAL_CDS.I_UnitOfMeasureType" Multiplicity="0..1" Role="ToRole_assoc_5F7DAC8A3BE20B03A45ACFDA350B0574"/>
                <ReferentialConstraint>
                    <Principal Role="ToRole_assoc_5F7DAC8A3BE20B03A45ACFDA350B0574">
                        <PropertyRef Name="UnitOfMeasure"/>
                    </Principal>
                    <Dependent Role="FromRole_assoc_5F7DAC8A3BE20B03A45ACFDA350B0574">
                        <PropertyRef Name="MaterialWeightUnit"/>
                    </Dependent>
                </ReferentialConstraint>
            </Association>
            <Association Name="assoc_4A207587B1B646E50CBA7A721A959D02" sap:content-version="1">
                <End Type="ZR_MATERIAL_CDS.I_MaterialPlantType" Multiplicity="1" Role="FromRole_assoc_4A207587B1B646E50CBA7A721A959D02"/>
                <End Type="ZR_MATERIAL_CDS.I_MatlabcclassificationType" Multiplicity="0..1" Role="ToRole_assoc_4A207587B1B646E50CBA7A721A959D02"/>
                <ReferentialConstraint>
                    <Principal Role="ToRole_assoc_4A207587B1B646E50CBA7A721A959D02">
                        <PropertyRef Name="MaterialABCClassification"/>
                    </Principal>
                    <Dependent Role="FromRole_assoc_4A207587B1B646E50CBA7A721A959D02">
                        <PropertyRef Name="MaterialABCClassification"/>
                    </Dependent>
                </ReferentialConstraint>
            </Association>
            <EntityContainer Name="ZR_MATERIAL_CDS_Entities" m:IsDefaultEntityContainer="true" sap:message-scope-supported="true" sap:supported-formats="atom json xlsx">
                <EntitySet Name="I_MaterialGroup" EntityType="ZR_MATERIAL_CDS.I_MaterialGroupType" sap:creatable="false" sap:updatable="false" sap:deletable="false" sap:searchable="true" sap:content-version="1"/>
                <EntitySet Name="I_MaterialPlant" EntityType="ZR_MATERIAL_CDS.I_MaterialPlantType" sap:creatable="false" sap:updatable="false" sap:deletable="false" sap:searchable="true" sap:content-version="1"/>
                <EntitySet Name="I_MaterialStdVH" EntityType="ZR_MATERIAL_CDS.I_MaterialStdVHType" sap:creatable="false" sap:updatable="false" sap:deletable="false" sap:searchable="true" sap:content-version="1"/>
                <EntitySet Name="I_MaterialText" EntityType="ZR_MATERIAL_CDS.I_MaterialTextType" sap:creatable="false" sap:updatable="false" sap:deletable="false" sap:searchable="true" sap:content-version="1"/>
                <EntitySet Name="I_MaterialType" EntityType="ZR_MATERIAL_CDS.I_MaterialTypeType" sap:creatable="false" sap:updatable="false" sap:deletable="false" sap:searchable="true" sap:content-version="1"/>
                <EntitySet Name="I_Matlabcclassification" EntityType="ZR_MATERIAL_CDS.I_MatlabcclassificationType" sap:creatable="false" sap:updatable="false" sap:deletable="false" sap:searchable="true" sap:content-version="1"/>
                <EntitySet Name="I_UnitOfMeasure" EntityType="ZR_MATERIAL_CDS.I_UnitOfMeasureType" sap:creatable="false" sap:updatable="false" sap:deletable="false" sap:searchable="true" sap:content-version="1"/>
                <EntitySet Name="I_UnitOfMeasureDimension" EntityType="ZR_MATERIAL_CDS.I_UnitOfMeasureDimensionType" sap:creatable="false" sap:updatable="false" sap:deletable="false" sap:content-version="1"/>
                <EntitySet Name="I_UnitOfMeasureISOCode" EntityType="ZR_MATERIAL_CDS.I_UnitOfMeasureISOCodeType" sap:creatable="false" sap:updatable="false" sap:deletable="false" sap:content-version="1"/>
                <EntitySet Name="ZR_MATERIAL" EntityType="ZR_MATERIAL_CDS.ZR_MATERIALType" sap:creatable="false" sap:updatable="false" sap:deletable="false" sap:content-version="1"/>
                <AssociationSet Name="assoc_70E119221732F0A55355B00232870490" Association="ZR_MATERIAL_CDS.assoc_70E119221732F0A55355B00232870490" sap:creatable="false" sap:updatable="false" sap:deletable="false" sap:content-version="1">
                    <End EntitySet="ZR_MATERIAL" Role="FromRole_assoc_70E119221732F0A55355B00232870490"/>
                    <End EntitySet="I_MaterialText" Role="ToRole_assoc_70E119221732F0A55355B00232870490"/>
                </AssociationSet>
                <AssociationSet Name="assoc_5E18390584266C106B459BC3FD3D3C50" Association="ZR_MATERIAL_CDS.assoc_5E18390584266C106B459BC3FD3D3C50" sap:creatable="false" sap:updatable="false" sap:deletable="false" sap:content-version="1">
                    <End EntitySet="I_UnitOfMeasure" Role="FromRole_assoc_5E18390584266C106B459BC3FD3D3C50"/>
                    <End EntitySet="I_UnitOfMeasureISOCode" Role="ToRole_assoc_5E18390584266C106B459BC3FD3D3C50"/>
                </AssociationSet>
                <AssociationSet Name="assoc_949E1E1833CB155CE7531791852400BF" Association="ZR_MATERIAL_CDS.assoc_949E1E1833CB155CE7531791852400BF" sap:creatable="false" sap:updatable="false" sap:deletable="false" sap:content-version="1">
                    <End EntitySet="ZR_MATERIAL" Role="FromRole_assoc_949E1E1833CB155CE7531791852400BF"/>
                    <End EntitySet="I_UnitOfMeasure" Role="ToRole_assoc_949E1E1833CB155CE7531791852400BF"/>
                </AssociationSet>
                <AssociationSet Name="assoc_9212E367C0AA3FE02D2B8B89DF63A4BD" Association="ZR_MATERIAL_CDS.assoc_9212E367C0AA3FE02D2B8B89DF63A4BD" sap:creatable="false" sap:updatable="false" sap:deletable="false" sap:content-version="1">
                    <End EntitySet="ZR_MATERIAL" Role="FromRole_assoc_9212E367C0AA3FE02D2B8B89DF63A4BD"/>
                    <End EntitySet="I_MaterialGroup" Role="ToRole_assoc_9212E367C0AA3FE02D2B8B89DF63A4BD"/>
                </AssociationSet>
                <AssociationSet Name="assoc_398DB5EBF9168C194504488D365373FA" Association="ZR_MATERIAL_CDS.assoc_398DB5EBF9168C194504488D365373FA" sap:creatable="false" sap:updatable="false" sap:deletable="false" sap:content-version="1">
                    <End EntitySet="ZR_MATERIAL" Role="FromRole_assoc_398DB5EBF9168C194504488D365373FA"/>
                    <End EntitySet="I_MaterialType" Role="ToRole_assoc_398DB5EBF9168C194504488D365373FA"/>
                </AssociationSet>
                <AssociationSet Name="assoc_E913CAD17307FE8B14785C3843CEC75E" Association="ZR_MATERIAL_CDS.assoc_E913CAD17307FE8B14785C3843CEC75E" sap:creatable="false" sap:updatable="false" sap:deletable="false" sap:content-version="1">
                    <End EntitySet="ZR_MATERIAL" Role="FromRole_assoc_E913CAD17307FE8B14785C3843CEC75E"/>
                    <End EntitySet="I_MaterialPlant" Role="ToRole_assoc_E913CAD17307FE8B14785C3843CEC75E"/>
                </AssociationSet>
                <AssociationSet Name="assoc_5F7DAC8A3BE20B03A45ACFDA350B0574" Association="ZR_MATERIAL_CDS.assoc_5F7DAC8A3BE20B03A45ACFDA350B0574" sap:creatable="false" sap:updatable="false" sap:deletable="false" sap:content-version="1">
                    <End EntitySet="ZR_MATERIAL" Role="FromRole_assoc_5F7DAC8A3BE20B03A45ACFDA350B0574"/>
                    <End EntitySet="I_UnitOfMeasure" Role="ToRole_assoc_5F7DAC8A3BE20B03A45ACFDA350B0574"/>
                </AssociationSet>
                <AssociationSet Name="assoc_4A207587B1B646E50CBA7A721A959D02" Association="ZR_MATERIAL_CDS.assoc_4A207587B1B646E50CBA7A721A959D02" sap:creatable="false" sap:updatable="false" sap:deletable="false" sap:content-version="1">
                    <End EntitySet="I_MaterialPlant" Role="FromRole_assoc_4A207587B1B646E50CBA7A721A959D02"/>
                    <End EntitySet="I_Matlabcclassification" Role="ToRole_assoc_4A207587B1B646E50CBA7A721A959D02"/>
                </AssociationSet>
                <AssociationSet Name="assoc_744267C89213C6F0BEAA53E2EB9C8F4F" Association="ZR_MATERIAL_CDS.assoc_744267C89213C6F0BEAA53E2EB9C8F4F" sap:creatable="false" sap:updatable="false" sap:deletable="false" sap:content-version="1">
                    <End EntitySet="I_UnitOfMeasure" Role="FromRole_assoc_744267C89213C6F0BEAA53E2EB9C8F4F"/>
                    <End EntitySet="I_UnitOfMeasureDimension" Role="ToRole_assoc_744267C89213C6F0BEAA53E2EB9C8F4F"/>
                </AssociationSet>
            </EntityContainer>
            <Annotations Target="ZR_MATERIAL_CDS.I_MaterialPlantType/Material" xmlns="http://docs.oasis-open.org/odata/ns/edm">
                <Annotation Term="Common.ValueList">
                    <Record>
                        <PropertyValue Property="Label" String="Material"/>
                        <PropertyValue Property="CollectionPath" String="I_MaterialStdVH"/>
                        <PropertyValue Property="SearchSupported" Bool="true"/>
                        <PropertyValue Property="Parameters">
                            <Collection>
                                <Record Type="Common.ValueListParameterInOut">
                                    <PropertyValue Property="LocalDataProperty" PropertyPath="Material"/>
                                    <PropertyValue Property="ValueListProperty" String="Material"/>
                                </Record>
                                <Record Type="Common.ValueListParameterDisplayOnly">
                                    <PropertyValue Property="ValueListProperty" String="Material_Text"/>
                                </Record>
                            </Collection>
                        </PropertyValue>
                    </Record>
                </Annotation>
            </Annotations>
            <Annotations Target="ZR_MATERIAL_CDS.I_MaterialPlantType/MaterialABCClassification" xmlns="http://docs.oasis-open.org/odata/ns/edm">
                <Annotation Term="Common.ValueList">
                    <Record>
                        <PropertyValue Property="Label" String="ABC Indicator for Materials"/>
                        <PropertyValue Property="CollectionPath" String="I_Matlabcclassification"/>
                        <PropertyValue Property="SearchSupported" Bool="true"/>
                        <PropertyValue Property="Parameters">
                            <Collection>
                                <Record Type="Common.ValueListParameterInOut">
                                    <PropertyValue Property="LocalDataProperty" PropertyPath="MaterialABCClassification"/>
                                    <PropertyValue Property="ValueListProperty" String="MaterialABCClassification"/>
                                </Record>
                                <Record Type="Common.ValueListParameterDisplayOnly">
                                    <PropertyValue Property="ValueListProperty" String="MaterialABCClassification_Text"/>
                                </Record>
                            </Collection>
                        </PropertyValue>
                    </Record>
                </Annotation>
            </Annotations>
            <Annotations Target="ZR_MATERIAL_CDS.I_UnitOfMeasureType/UnitOfMeasureISOCode" xmlns="http://docs.oasis-open.org/odata/ns/edm">
                <Annotation Term="Common.ValueList">
                    <Record>
                        <PropertyValue Property="Label" String="Unit of Measure ISO Code"/>
                        <PropertyValue Property="CollectionPath" String="I_UnitOfMeasureISOCode"/>
                        <PropertyValue Property="SearchSupported" Bool="false"/>
                        <PropertyValue Property="Parameters">
                            <Collection>
                                <Record Type="Common.ValueListParameterInOut">
                                    <PropertyValue Property="LocalDataProperty" PropertyPath="UnitOfMeasureISOCode"/>
                                    <PropertyValue Property="ValueListProperty" String="UnitOfMeasureISOCode"/>
                                </Record>
                                <Record Type="Common.ValueListParameterDisplayOnly">
                                    <PropertyValue Property="ValueListProperty" String="UnitOfMeasureISOCode_Text"/>
                                </Record>
                            </Collection>
                        </PropertyValue>
                    </Record>
                </Annotation>
            </Annotations>
            <Annotations Target="ZR_MATERIAL_CDS.I_UnitOfMeasureType/UnitOfMeasureDimension" xmlns="http://docs.oasis-open.org/odata/ns/edm">
                <Annotation Term="Common.ValueList">
                    <Record>
                        <PropertyValue Property="Label" String="Unit of Measure Dimension"/>
                        <PropertyValue Property="CollectionPath" String="I_UnitOfMeasureDimension"/>
                        <PropertyValue Property="SearchSupported" Bool="false"/>
                        <PropertyValue Property="Parameters">
                            <Collection>
                                <Record Type="Common.ValueListParameterInOut">
                                    <PropertyValue Property="LocalDataProperty" PropertyPath="UnitOfMeasureDimension"/>
                                    <PropertyValue Property="ValueListProperty" String="UnitOfMeasureDimension"/>
                                </Record>
                                <Record Type="Common.ValueListParameterDisplayOnly">
                                    <PropertyValue Property="ValueListProperty" String="UnitOfMeasureDimension_Text"/>
                                </Record>
                            </Collection>
                        </PropertyValue>
                    </Record>
                </Annotation>
            </Annotations>
            <Annotations Target="ZR_MATERIAL_CDS.ZR_MATERIALType/MaterialBaseUnit" xmlns="http://docs.oasis-open.org/odata/ns/edm">
                <Annotation Term="Common.ValueList">
                    <Record>
                        <PropertyValue Property="Label" String="Unit of Measure"/>
                        <PropertyValue Property="CollectionPath" String="I_UnitOfMeasure"/>
                        <PropertyValue Property="SearchSupported" Bool="false"/>
                        <PropertyValue Property="Parameters">
                            <Collection>
                                <Record Type="Common.ValueListParameterInOut">
                                    <PropertyValue Property="LocalDataProperty" PropertyPath="MaterialBaseUnit"/>
                                    <PropertyValue Property="ValueListProperty" String="UnitOfMeasure"/>
                                </Record>
                                <Record Type="Common.ValueListParameterDisplayOnly">
                                    <PropertyValue Property="ValueListProperty" String="UnitOfMeasure_Text"/>
                                </Record>
                            </Collection>
                        </PropertyValue>
                    </Record>
                </Annotation>
            </Annotations>
            <Annotations Target="ZR_MATERIAL_CDS.ZR_MATERIALType/MaterialWeightUnit" xmlns="http://docs.oasis-open.org/odata/ns/edm">
                <Annotation Term="Common.ValueList">
                    <Record>
                        <PropertyValue Property="Label" String="Unit of Measure"/>
                        <PropertyValue Property="CollectionPath" String="I_UnitOfMeasure"/>
                        <PropertyValue Property="SearchSupported" Bool="false"/>
                        <PropertyValue Property="Parameters">
                            <Collection>
                                <Record Type="Common.ValueListParameterInOut">
                                    <PropertyValue Property="LocalDataProperty" PropertyPath="MaterialWeightUnit"/>
                                    <PropertyValue Property="ValueListProperty" String="UnitOfMeasure"/>
                                </Record>
                                <Record Type="Common.ValueListParameterDisplayOnly">
                                    <PropertyValue Property="ValueListProperty" String="UnitOfMeasure_Text"/>
                                </Record>
                            </Collection>
                        </PropertyValue>
                    </Record>
                </Annotation>
            </Annotations>
            <Annotations Target="ZR_MATERIAL_CDS.ZR_MATERIAL_CDS_Entities" xmlns="http://docs.oasis-open.org/odata/ns/edm">
                <Annotation Term="Common.ApplyMultiUnitBehaviorForSortingAndFiltering" Bool="true"/>
            </Annotations>
            <Annotations Target="ZR_MATERIAL_CDS.I_UnitOfMeasureType/UnitOfMeasure" xmlns="http://docs.oasis-open.org/odata/ns/edm">
                <Annotation Term="Common.UnitSpecificScale" Path="UnitOfMeasureDspNmbrOfDcmls"/>
            </Annotations>
            <atom:link rel="self" href="https://s4d.virtual:443/sap/opu/odata/sap/ZR_MATERIAL_CDS/$metadata" xmlns:atom="http://www.w3.org/2005/Atom"/>
            <atom:link rel="latest-version" href="https://s4d.virtual:443/sap/opu/odata/sap/ZR_MATERIAL_CDS/$metadata" xmlns:atom="http://www.w3.org/2005/Atom"/>
        </Schema>
    </edmx:DataServices>
</edmx:Edmx>